﻿<?xml version="1.0" encoding="UTF-8"?>
<prefab>
  <property name="CopyAirBlocks" value="True" />
  <property name="ExcludeDistantPOIMesh" value="False" />
  <property name="ExcludePOICulling" value="False" />
  <property name="DistantPOIYOffset" value="0" />
  <property name="AllowTopSoilDecorations" value="False" />
  <property name="DifficultyTier" value="1" />
  <property name="TraderArea" value="False" />
  <property name="EditorGroups" value="world/deco/biome, settlements, rural" />
  <property name="SleeperVolumeSize" value="32, 10, 22#9, 16, 17#38, 7, 21#9, 8, 8" />
  <property name="SleeperVolumeStart" value="1, 1, 3#33, 1, 0#1, 1, 25#33, 0, 17" />
  <property name="SleeperVolumeGroup" value="S_-_Group_Biker_Bar,18,25,S_-_Group_Zom_Badass,9,14,S_-_Group_Abandoned_House,12,22,S_-_Group_Zom_Soldier,1,2" />
  <property name="SleeperIsLootVolume" value="False,False,False,False" />
  <property name="SleeperIsBossVolume" value="False,False,False,False" />
  <property name="RotationToFaceNorth" value="2" />
  <property name="SleeperVolumeGroupId" value="0,0,0,0" />
  <property name="SleeperVolumeFlags" value="0,0,0,0" />
  <property name="YOffset" value="-1" />
  <property name="ShowQuestClearCount" value="1" />
  <property name="SleeperIsQuestExclude" value="False,False,False,False" />
  <property name="Zoning" value="none" />
  <property class="Stats">
    <property name="TotalVertices" value="397184" />
    <property name="TotalTriangles" value="462671" />
    <property class="BlockEntities">
      <property name="Vertices" value="320989" />
      <property name="Triangles" value="409105" />
    </property>
    <property class="ChunkMeshes0">
      <property name="Vertices" value="43090" />
      <property name="Triangles" value="25948" />
    </property>
    <property class="ChunkMeshes1">
      <property name="Vertices" value="0" />
      <property name="Triangles" value="0" />
    </property>
    <property class="ChunkMeshes2">
      <property name="Vertices" value="888" />
      <property name="Triangles" value="444" />
    </property>
    <property class="ChunkMeshes3">
      <property name="Vertices" value="0" />
      <property name="Triangles" value="0" />
    </property>
    <property class="ChunkMeshes4">
      <property name="Vertices" value="27159" />
      <property name="Triangles" value="19190" />
    </property>
    <property class="ChunkMeshes5">
      <property name="Vertices" value="0" />
      <property name="Triangles" value="0" />
    </property>
    <property class="ChunkMeshes6">
      <property name="Vertices" value="0" />
      <property name="Triangles" value="0" />
    </property>
    <property class="ChunkMeshes7">
      <property name="Vertices" value="5058" />
      <property name="Triangles" value="7984" />
    </property>
    <property class="ChunkMeshes8">
      <property name="Vertices" value="0" />
      <property name="Triangles" value="0" />
    </property>
    <property class="ChunkMeshes9">
      <property name="Vertices" value="0" />
      <property name="Triangles" value="0" />
    </property>
  </property>
  <property class="IndexedBlockOffsets">
    <property class="TraderOnOff">
      <property name="0" value="26, 1, 42" />
      <property name="1" value="34, 1, 42" />
    </property>
  </property>
</prefab>