﻿<?xml version="1.0" encoding="UTF-8"?>
<prefab>
  <property name="CopyAirBlocks" value="True" />
  <property name="ExcludeDistantPOIMesh" value="False" />
  <property name="ExcludePOICulling" value="False" />
  <property name="DistantPOIYOffset" value="0" />
  <property name="AllowTopSoilDecorations" value="True" />
  <property name="DifficultyTier" value="1" />
  <property name="TraderArea" value="False" />
  <property name="RotationToFaceNorth" value="2" />
  <property name="YOffset" value="-13" />
  <property name="ShowQuestClearCount" value="1" />
  <property name="Zoning" value="none" />
  <property name="SleeperVolumeSize" value="15, 3, 7#11, 3, 8#5, 4, 12#4, 3, 7#10, 4, 12#6, 3, 15#1, 1, 1#24, 3, 27#27, 4, 8" />
  <property name="SleeperVolumeStart" value="21, 1, 11#25, 1, 16#16, 2, 14#22, 2, 0#7, 0, 2#9, 2, 12#27, 8, 37#10, 13, 2#6, 1, 26" />
  <property name="SleeperVolumeGroupId" value="0,0,0,0,0,0,0,0,0" />
  <property name="SleeperVolumeGroup" value="S_-Group_Generic_Zombie,2,3,S_-Group_Generic_Zombie,1,2,S_-_Group_Biker_Bar,2,3,S_-_Group_Zom_Badass_Only,3,4,S_Zom_Utility_Worker,4,5,S_-_Group_Biker_Bar,1,1,S_-_Group_Abandoned_House,4,5,S_-Group_Generic_Zombie,9,10,S_-Group_Generic_Zombie,5,6" />
  <property name="SleeperIsLootVolume" value="False,False,False,False,False,False,False,False,False" />
  <property name="SleeperIsQuestExclude" value="False,False,False,False,False,False,False,False,False" />
  <property name="SleeperVolumeFlags" value="2,2,2,0,0,2,0,0,0" />
  <property name="EditorGroups" value="out buildings, burnt, rural" />
  <property class="Stats">
    <property name="TotalVertices" value="565583" />
    <property name="TotalTriangles" value="621819" />
    <property class="BlockEntities">
      <property name="Vertices" value="538653" />
      <property name="Triangles" value="595009" />
    </property>
    <property class="ChunkMeshes0">
      <property name="Vertices" value="5243" />
      <property name="Triangles" value="3059" />
    </property>
    <property class="ChunkMeshes1">
      <property name="Vertices" value="0" />
      <property name="Triangles" value="0" />
    </property>
    <property class="ChunkMeshes2">
      <property name="Vertices" value="714" />
      <property name="Triangles" value="372" />
    </property>
    <property class="ChunkMeshes3">
      <property name="Vertices" value="0" />
      <property name="Triangles" value="0" />
    </property>
    <property class="ChunkMeshes4">
      <property name="Vertices" value="13447" />
      <property name="Triangles" value="11295" />
    </property>
    <property class="ChunkMeshes5">
      <property name="Vertices" value="0" />
      <property name="Triangles" value="0" />
    </property>
    <property class="ChunkMeshes6">
      <property name="Vertices" value="0" />
      <property name="Triangles" value="0" />
    </property>
    <property class="ChunkMeshes7">
      <property name="Vertices" value="7526" />
      <property name="Triangles" value="12084" />
    </property>
    <property class="ChunkMeshes8">
      <property name="Vertices" value="0" />
      <property name="Triangles" value="0" />
    </property>
    <property class="ChunkMeshes9">
      <property name="Vertices" value="0" />
      <property name="Triangles" value="0" />
    </property>
  </property>
  <property class="IndexedBlockOffsets">
    <property class="brBlock">
      <property name="0" value="33, 1, 21" />
    </property>
  </property>
</prefab>