﻿<?xml version="1.0" encoding="UTF-8"?>
<prefab>
  <property name="CopyAirBlocks" value="True" />
  <property name="ExcludeDistantPOIMesh" value="False" />
  <property name="ExcludePOICulling" value="False" />
  <property name="DistantPOIYOffset" value="0" />
  <property name="AllowTopSoilDecorations" value="False" />
  <property name="DifficultyTier" value="1" />
  <property name="TraderArea" value="False" />
  <property name="SleeperVolumeSize" value="35, 4, 24#52, 5, 23#17, 9, 32#28, 17, 18#26, 6, 14#20, 8, 21#57, 12, 15" />
  <property name="SleeperVolumeStart" value="21, 2, 17#18, 6, -2#50, 6, 18#24, 7, 17#25, 7, 35#30, 13, 28#17, 12, -3" />
  <property name="SleeperVolumeGroup" value="S_-_Group_Zom_Badass_Only,8,10,S_-_Group_Abandoned_House,15,20,S_-Group_Generic_Zombie,13,18,S_-_Group_Zom_Soldier,18,24,S_-Group_Generic_Zombie,5,6,S_-_Group_Zom_Badass,5,6,S_-Group_Generic_Zombie,5,6" />
  <property name="SleeperIsLootVolume" value="False,False,False,False,False,False,False" />
  <property name="SleeperIsBossVolume" value="False,False,False,False,False,False,False" />
  <property name="EditorGroups" value="Wilderness, world/deco/biome" />
  <property name="RotationToFaceNorth" value="2" />
  <property name="AllowedBiomes" value="snow" />
  <property name="YOffset" value="-8" />
  <property name="ShowQuestClearCount" value="1" />
  <property name="SleeperVolumeGroupId" value="0,0,0,0,0,0,0" />
  <property name="SleeperIsQuestExclude" value="False,False,False,False,False,False,False" />
  <property name="SleeperVolumeFlags" value="0,0,0,0,0,0,0" />
  <property name="Zoning" value="none" />
  <property class="IndexedBlockOffsets">
    <property class="TraderOnOff">
      <property name="0" value="40, 11, 33" />
      <property name="1" value="44, 11, 25" />
    </property>
    <property class="brBlock">
      <property name="0" value="45, 13, 38" />
    </property>
    <property class="FetchContainer">
      <property name="0" value="49, 2, 37" />
    </property>
  </property>
  <property class="Stats">
    <property name="TotalVertices" value="473132" />
    <property name="TotalTriangles" value="512950" />
    <property class="BlockEntities">
      <property name="Vertices" value="276239" />
      <property name="Triangles" value="373213" />
    </property>
    <property class="ChunkMeshes0">
      <property name="Vertices" value="177574" />
      <property name="Triangles" value="114008" />
    </property>
    <property class="ChunkMeshes1">
      <property name="Vertices" value="0" />
      <property name="Triangles" value="0" />
    </property>
    <property class="ChunkMeshes2">
      <property name="Vertices" value="0" />
      <property name="Triangles" value="0" />
    </property>
    <property class="ChunkMeshes3">
      <property name="Vertices" value="0" />
      <property name="Triangles" value="0" />
    </property>
    <property class="ChunkMeshes4">
      <property name="Vertices" value="6389" />
      <property name="Triangles" value="4861" />
    </property>
    <property class="ChunkMeshes5">
      <property name="Vertices" value="0" />
      <property name="Triangles" value="0" />
    </property>
    <property class="ChunkMeshes6">
      <property name="Vertices" value="0" />
      <property name="Triangles" value="0" />
    </property>
    <property class="ChunkMeshes7">
      <property name="Vertices" value="12930" />
      <property name="Triangles" value="20868" />
    </property>
    <property class="ChunkMeshes8">
      <property name="Vertices" value="0" />
      <property name="Triangles" value="0" />
    </property>
    <property class="ChunkMeshes9">
      <property name="Vertices" value="0" />
      <property name="Triangles" value="0" />
    </property>
  </property>
</prefab>