<?xml version="1.0" encoding="UTF-8"?>
<prefab>
    <property name="CopyAirBlocks" value="True"/>
    <property name="AllowTopSoilDecorations" value="False"/>
    <property name="TraderArea" value="False"/>
    <property name="ExcludeDistantPOIMesh" value="False"/>
    <property name="ExcludePOICulling" value="False"/>
    <property name="DifficultyTier" value="1"/>
    <property name="RotationToFaceNorth" value="2"/>
    <property name="YOffset" value="-6"/>
    <property name="DistantPOIYOffset" value="0"/>
    <property name="SleeperVolumeStart" value="0, 6, 2#23, 6, 2#36, 5, 49#24, 6, 55#31, 6, 55#32, 12, 54#15, 12, 55#12, 9, 64#4, 6, 65#4, 6, 49#15, 6, 51#15, 6, 30#25, 6, 40#32, 6, 21#9, 3, 19#4, 6, 29#14, 19, 24"/>
    <property name="SleeperVolumeSize" value="33, 3, 23#29, 3, 19#17, 6, 31#8, 3, 22#4, 3, 16#4, 3, 23#17, 3, 24#6, 3, 15#20, 3, 15#13, 3, 9#10, 2, 16#13, 7, 23#10, 3, 14#14, 6, 28#15, 3, 15#11, 5, 19#5, 15, 5"/>
    <property name="SleeperVolumeGroup" value="S_-Group_Generic_Zombie,1,2,S_-Group_Generic_Zombie,1,1,S_-Group_Generic_Zombie,10,18,S_-Group_Generic_Zombie,8,9,S_-Group_Generic_Zombie,3,4,S_-_Group_Biker_Bar,5,6,S_-_Group_Zom_Badass_Only,12,20,S_-_Group_Zom_Soldier,2,3,S_-_Group_Zom_Badass_Only,5,6,S_-Group_Generic_Zombie,5,6,S_-Group_Generic_Zombie,3,4,S_-_Group_Zom_Soldier,6,7,S_-_Group_Zom_Badass_Only,1,1,S_-_Group_Zom_Badass,10,16,S_-_Group_Zom_Badass_Only,1,1,S_-Group_Generic_Zombie,8,9,S_-_Group_Zom_Badass_Only,10,12"/>
    <property name="SleeperVolumeGameStageAdjust" value=",,,,,,,,,,,,,,,,"/>
    <property name="SleeperIsLootVolume" value="False,False,False,False,False,False,False,False,False,False,False,False,False,False,True,False,False"/>
    <property name="SleeperIsQuestExclude" value="False,False,False,False,False,False,False,False,False,False,False,False,False,False,False,False,False"/>
    <property name="SleeperVolumeFlags" value="0,0,2,2,0,2,2,0,2,0,0,2,2,2,2,0,2"/>
    <property name="SleeperVolumeGroupId" value="0,0,0,0,0,0,0,0,0,0,0,0,0,0,0,0,0"/>
    <property name="ShowQuestClearCount" value="0,0,0,0,0,0,0,0,0,0,0,0,0,0,0,0,0"/>
</prefab>
