﻿<?xml version="1.0" encoding="UTF-8"?>
<prefab>
  <property name="CopyAirBlocks" value="True" />
  <property name="ExcludeDistantPOIMesh" value="False" />
  <property name="ExcludePOICulling" value="False" />
  <property name="DistantPOIYOffset" value="0" />
  <property name="AllowTopSoilDecorations" value="False" />
  <property name="DifficultyTier" value="1" />
  <property name="TraderArea" value="False" />
  <property name="SleeperVolumeSize" value="27, 10, 25#32, 7, 21#12, 7, 6#13, 3, 13#18, 3, 21#8, 6, 21#10, 4, 17#13, 8, 24" />
  <property name="SleeperVolumeStart" value="26, 0, 20#13, 3, 0#8, 3, 16#3, 1, 3#2, 2, 22#19, 2, 20#18, 8, 20#17, 12, 15" />
  <property name="SleeperVolumeGroup" value="S_-_Group_Hospital,20,26,S_-_Group_Abandoned_House,25,30,S_-_Group_Zom_Soldier,10,15,S_-_Group_Zom_Soldier,4,5,S_Zom_Utility_Worker,10,12,S_-_Group_Biker_Bar,9,10,S_Zom_Utility_Worker,8,9,S_-_Group_Zom_Badass,12,16" />
  <property name="SleeperIsLootVolume" value="False,False,False,False,False,False,False,False" />
  <property name="SleeperIsBossVolume" value="False,False,False,False,False,False,False,False" />
  <property name="RotationToFaceNorth" value="2" />
  <property name="EditorGroups" value="industrial, settlements, rural" />
  <property name="YOffset" value="-3" />
  <property name="ShowQuestClearCount" value="1" />
  <property name="SleeperVolumeGroupId" value="0,0,0,0,0,0,0,0" />
  <property name="SleeperIsQuestExclude" value="False,False,False,False,False,False,False,False" />
  <property name="SleeperVolumeFlags" value="0,0,0,0,0,0,0,0" />
  <property name="Zoning" value="none" />
  <property class="IndexedBlockOffsets">
    <property class="TraderOnOff">
      <property name="0" value="32, 5, 14" />
    </property>
    <property class="FetchContainer">
      <property name="0" value="25, 12, 34" />
    </property>
  </property>
  <property class="Stats">
    <property name="TotalVertices" value="514951" />
    <property name="TotalTriangles" value="537890" />
    <property class="BlockEntities">
      <property name="Vertices" value="373016" />
      <property name="Triangles" value="434860" />
    </property>
    <property class="ChunkMeshes0">
      <property name="Vertices" value="116144" />
      <property name="Triangles" value="79526" />
    </property>
    <property class="ChunkMeshes1">
      <property name="Vertices" value="0" />
      <property name="Triangles" value="0" />
    </property>
    <property class="ChunkMeshes2">
      <property name="Vertices" value="4707" />
      <property name="Triangles" value="3144" />
    </property>
    <property class="ChunkMeshes3">
      <property name="Vertices" value="0" />
      <property name="Triangles" value="0" />
    </property>
    <property class="ChunkMeshes4">
      <property name="Vertices" value="15136" />
      <property name="Triangles" value="10784" />
    </property>
    <property class="ChunkMeshes5">
      <property name="Vertices" value="0" />
      <property name="Triangles" value="0" />
    </property>
    <property class="ChunkMeshes6">
      <property name="Vertices" value="0" />
      <property name="Triangles" value="0" />
    </property>
    <property class="ChunkMeshes7">
      <property name="Vertices" value="5948" />
      <property name="Triangles" value="9576" />
    </property>
    <property class="ChunkMeshes8">
      <property name="Vertices" value="0" />
      <property name="Triangles" value="0" />
    </property>
    <property class="ChunkMeshes9">
      <property name="Vertices" value="0" />
      <property name="Triangles" value="0" />
    </property>
  </property>
</prefab>