﻿<?xml version="1.0" encoding="UTF-8"?>
<prefab>
  <property name="CopyAirBlocks" value="True" />
  <property name="ExcludeDistantPOIMesh" value="False" />
  <property name="ExcludePOICulling" value="False" />
  <property name="DistantPOIYOffset" value="0" />
  <property name="AllowTopSoilDecorations" value="True" />
  <property name="DifficultyTier" value="1" />
  <property name="TraderArea" value="False" />
  <property name="YOffset" value="-1" />
  <property name="SleeperVolumeSize" value="15, 10, 12#26, 6, 15#7, 17, 13#11, 3, 8#8, 3, 8#23, 13, 10#8, 13, 2" />
  <property name="SleeperVolumeStart" value="14, -1, 0#9, 0, 12#3, -1, 21#6, 0, 4#4, 0, 26#13, 0, 27#16, -1, 24" />
  <property name="SleeperVolumeGroup" value="S_-Group_Generic_Zombie,7,8,S_-_Group_Abandoned_House,8,9,S_-_Group_Zom_Badass,3,4,S_-_Group_Zom_Soldier,2,3,S_Zom_Utility_Worker,1,2,S_-_Group_Biker_Bar,9,10,S_-_Group_Zom_Badass_Only,1,2" />
  <property name="SleeperIsLootVolume" value="False,False,False,False,False,False,False" />
  <property name="SleeperIsBossVolume" value="False,False,False,False,False,False,False" />
  <property name="EditorGroups" value="settlements, Wilderness" />
  <property name="RotationToFaceNorth" value="2" />
  <property name="ShowQuestClearCount" value="1" />
  <property name="SleeperVolumeGroupId" value="0,0,0,0,0,0,0" />
  <property name="SleeperIsQuestExclude" value="False,False,False,False,False,False,False" />
  <property name="SleeperVolumeFlags" value="0,0,0,0,0,0,0" />
  <property name="Zoning" value="none" />
  <property class="IndexedBlockOffsets">
    <property class="TraderOnOff">
      <property name="0" value="32, 20, 27" />
      <property name="1" value="32, 12, 29" />
      <property name="2" value="32, 17, 29" />
    </property>
  </property>
  <property class="Stats">
    <property name="TotalVertices" value="267884" />
    <property name="TotalTriangles" value="224318" />
    <property class="BlockEntities">
      <property name="Vertices" value="125192" />
      <property name="Triangles" value="139303" />
    </property>
    <property class="ChunkMeshes0">
      <property name="Vertices" value="126917" />
      <property name="Triangles" value="71112" />
    </property>
    <property class="ChunkMeshes1">
      <property name="Vertices" value="0" />
      <property name="Triangles" value="0" />
    </property>
    <property class="ChunkMeshes2">
      <property name="Vertices" value="408" />
      <property name="Triangles" value="236" />
    </property>
    <property class="ChunkMeshes3">
      <property name="Vertices" value="0" />
      <property name="Triangles" value="0" />
    </property>
    <property class="ChunkMeshes4">
      <property name="Vertices" value="10817" />
      <property name="Triangles" value="7107" />
    </property>
    <property class="ChunkMeshes5">
      <property name="Vertices" value="0" />
      <property name="Triangles" value="0" />
    </property>
    <property class="ChunkMeshes6">
      <property name="Vertices" value="0" />
      <property name="Triangles" value="0" />
    </property>
    <property class="ChunkMeshes7">
      <property name="Vertices" value="3782" />
      <property name="Triangles" value="5776" />
    </property>
    <property class="ChunkMeshes8">
      <property name="Vertices" value="768" />
      <property name="Triangles" value="784" />
    </property>
    <property class="ChunkMeshes9">
      <property name="Vertices" value="0" />
      <property name="Triangles" value="0" />
    </property>
  </property>
</prefab>