﻿<?xml version="1.0" encoding="UTF-8"?>
<prefab>
  <property name="CopyAirBlocks" value="True" />
  <property name="ExcludeDistantPOIMesh" value="False" />
  <property name="ExcludePOICulling" value="False" />
  <property name="DistantPOIYOffset" value="0" />
  <property name="AllowTopSoilDecorations" value="False" />
  <property name="DifficultyTier" value="1" />
  <property name="TraderArea" value="False" />
  <property name="YOffset" value="-7" />
  <property name="RotationToFaceNorth" value="2" />
  <property name="EditorGroups" value="house new, commercial, settlements, rural, industrial" />
  <property name="SleeperVolumeSize" value="19, 3, 42#24, 6, 32#17, 11, 23#11, 5, 10#16, 3, 12#12, 3, 14#11, 3, 15#5, 7, 5#17, 8, 13#15, 5, 55#12, 3, 9#22, 3, 8#5, 6, 5#8, 5, 7#4, 3, 6#6, 3, 5" />
  <property name="SleeperVolumeStart" value="24, 7, 16#37, 6, 30#44, 7, 6#29, 11, 20#5, 7, 6#5, 7, 24#18, 7, 18#12, 7, 19#6, 7, 40#2, 14, 1#14, 0, 41#5, 7, 54#17, 7, 34#13, -1, 49#22, 1, 50#25, 0, 45" />
  <property name="SleeperVolumeGroupId" value="0,0,0,0,0,0,0,0,0,0,0,0,0,0,0,0" />
  <property name="SleeperVolumeGroup" value="S_-Group_Generic_Zombie,3,4,S_-Group_Generic_Zombie,5,6,S_-Group_Generic_Zombie,6,7,S_-_Group_Zom_Badass_Only,2,2,S_-_Group_Abandoned_House,4,5,S_-_Group_Zom_Badass,1,2,S_-Group_Generic_Zombie,1,2,S_-_Group_Zom_Badass_Only,1,2,S_-_Group_Abandoned_House,8,9,S_-Group_Generic_Zombie,1,2,S_-_Group_Zom_Badass,3,4,S_-Group_Generic_Zombie,1,2,S_-_Group_Zom_Badass_Only,3,4,S_-_Group_Zom_Badass,1,2,S_-_Group_Zom_Badass_Only,1,2,S_-_Group_Zom_Badass,1,2" />
  <property name="SleeperIsLootVolume" value="True,False,False,True,False,False,False,True,True,False,False,False,True,False,True,False" />
  <property name="SleeperIsBossVolume" value="False,False,False,False,False,False,False,False,False,False,False,False,False,False,False,False" />
  <property name="SleeperVolumeFlags" value="2,2,2,0,0,0,0,0,0,2,0,0,0,0,0,0" />
  <property name="ShowQuestClearCount" value="1" />
  <property name="SleeperIsQuestExclude" value="False,False,False,False,False,False,False,False,False,False,False,False,False,False,False,False" />
  <property name="Zoning" value="none" />
  <property class="Stats">
    <property name="TotalVertices" value="588158" />
    <property name="TotalTriangles" value="578975" />
    <property class="BlockEntities">
      <property name="Vertices" value="463140" />
      <property name="Triangles" value="490742" />
    </property>
    <property class="ChunkMeshes0">
      <property name="Vertices" value="73995" />
      <property name="Triangles" value="38984" />
    </property>
    <property class="ChunkMeshes1">
      <property name="Vertices" value="0" />
      <property name="Triangles" value="0" />
    </property>
    <property class="ChunkMeshes2">
      <property name="Vertices" value="253" />
      <property name="Triangles" value="358" />
    </property>
    <property class="ChunkMeshes3">
      <property name="Vertices" value="128" />
      <property name="Triangles" value="64" />
    </property>
    <property class="ChunkMeshes4">
      <property name="Vertices" value="36416" />
      <property name="Triangles" value="26671" />
    </property>
    <property class="ChunkMeshes5">
      <property name="Vertices" value="320" />
      <property name="Triangles" value="160" />
    </property>
    <property class="ChunkMeshes6">
      <property name="Vertices" value="0" />
      <property name="Triangles" value="0" />
    </property>
    <property class="ChunkMeshes7">
      <property name="Vertices" value="13906" />
      <property name="Triangles" value="21996" />
    </property>
    <property class="ChunkMeshes8">
      <property name="Vertices" value="0" />
      <property name="Triangles" value="0" />
    </property>
    <property class="ChunkMeshes9">
      <property name="Vertices" value="0" />
      <property name="Triangles" value="0" />
    </property>
  </property>
  <property class="IndexedBlockOffsets">
    <property class="FetchContainer">
      <property name="0" value="19, 11, 38" />
    </property>
    <property class="TraderOnOff">
      <property name="0" value="43, 8, 14" />
    </property>
  </property>
</prefab>