﻿<?xml version="1.0" encoding="UTF-8"?>
<prefab>
  <property name="CopyAirBlocks" value="True" />
  <property name="ExcludeDistantPOIMesh" value="False" />
  <property name="ExcludePOICulling" value="False" />
  <property name="DistantPOIYOffset" value="0" />
  <property name="AllowTopSoilDecorations" value="True" />
  <property name="DifficultyTier" value="1" />
  <property name="TraderArea" value="False" />
  <property name="YOffset" value="-2" />
  <property name="SleeperVolumeSize" value="26, 3, 33#20, 3, 37#21, 9, 21" />
  <property name="SleeperVolumeStart" value="0, 3, 1#26, 3, 0#15, 6, 13" />
  <property name="SleeperVolumeGroup" value="S_-_Group_Zom_Soldier,20,25,S_-_Group_Zom_Soldier,15,25,S_-_Group_Zom_Badass_Only,7,8" />
  <property name="SleeperIsLootVolume" value="False,False,False" />
  <property name="SleeperIsBossVolume" value="False,False,False" />
  <property name="EditorGroups" value="settlements, Wilderness" />
  <property name="ShowQuestClearCount" value="1" />
  <property name="SleeperVolumeGroupId" value="0,0,0" />
  <property name="SleeperIsQuestExclude" value="False,False,False" />
  <property name="SleeperVolumeFlags" value="0,0,0" />
  <property name="RotationToFaceNorth" value="0" />
  <property name="Zoning" value="none" />
  <property class="IndexedBlockOffsets">
    <property class="TraderOnOff">
      <property name="0" value="28, 22, 25" />
      <property name="1" value="28, 27, 25" />
      <property name="2" value="28, 30, 27" />
    </property>
    <property class="brBlock">
      <property name="0" value="24, 3, 18" />
    </property>
  </property>
  <property class="Stats">
    <property name="TotalVertices" value="586964" />
    <property name="TotalTriangles" value="566191" />
    <property class="BlockEntities">
      <property name="Vertices" value="427602" />
      <property name="Triangles" value="466991" />
    </property>
    <property class="ChunkMeshes0">
      <property name="Vertices" value="131678" />
      <property name="Triangles" value="76102" />
    </property>
    <property class="ChunkMeshes1">
      <property name="Vertices" value="0" />
      <property name="Triangles" value="0" />
    </property>
    <property class="ChunkMeshes2">
      <property name="Vertices" value="12200" />
      <property name="Triangles" value="6400" />
    </property>
    <property class="ChunkMeshes3">
      <property name="Vertices" value="0" />
      <property name="Triangles" value="0" />
    </property>
    <property class="ChunkMeshes4">
      <property name="Vertices" value="10564" />
      <property name="Triangles" value="9066" />
    </property>
    <property class="ChunkMeshes5">
      <property name="Vertices" value="96" />
      <property name="Triangles" value="48" />
    </property>
    <property class="ChunkMeshes6">
      <property name="Vertices" value="0" />
      <property name="Triangles" value="0" />
    </property>
    <property class="ChunkMeshes7">
      <property name="Vertices" value="4824" />
      <property name="Triangles" value="7584" />
    </property>
    <property class="ChunkMeshes8">
      <property name="Vertices" value="0" />
      <property name="Triangles" value="0" />
    </property>
    <property class="ChunkMeshes9">
      <property name="Vertices" value="0" />
      <property name="Triangles" value="0" />
    </property>
  </property>
</prefab>